Name,ChannelId
ときのそら,UCp6993wxpyDPHUpavwDFqgg
ロボ子さん,UCDqI2jOz0weumE8s7paEk6g
AZKi,UC0TXe_LYZ4scaW2XMyi5_kw
さくらみこ,UC-hM6YJuNYVAmUWxeIr9FeA
星街すいせい,UC5CwaMl1eIgY8h02uZw7u8A
白上フブキ,UCdn5BQ06XqgXoAxIhbqw5Rg
夜空メル,UCD8HOxPs4Xvsm8H0ZxXGiBw
赤井はあと,UC1CfXB_kRs3C-zaeTG3oGyg
夏色まつり,UCQ0UDLQCjY0rmuxCDE38FGg
アキ・ローゼンタール,UCFTLzh12_nrtzqBPsTCqenA
百鬼あやめ,UC7fk0CB07ly8oSl0aqKkqFg
紫咲シオン,UCXTpFs_3PqI41qX2d9tL2Rw
大空スバル,UCvzGlP9oQwU--Y0r9id_jnA
癒月ちょこ,UC1suqwovbL1kzsoaZgFZLKg
湊あくあ,UC1opHUrw8rvnsadT-iGp7Cg
大神ミオ,UCp-5t9SrOQwXMU7iIjQfARg
猫又おかゆ,UCvaTdHTWBGv3MKj3KVqJVCw
戌神ころね,UChAnqc_AY5_I3Px5dig3X1Q
潤羽るしあ,UCl_gCybOJRIgOXw6Qb4qJzQ
兎田ぺこら,UC1DCedRgGHBdm81E1llLhOQ
白銀ノエル,UCdyqAaZDKHXg4Ahi7VENThQ
不知火フレア,UCvInZx9h3jC2JzsIzoOebWg
宝鐘マリン,UCCzUftO8KOVkV4wQG1vkUvg
桐生ココ,UCS9uQI-jC3DE0L4IpXyvr6w
天音かなた,UCZlDXzGoo7d44bwdNObFacg
角巻わため,UCqm3BQLlJfvkTsX_hvm0UmA
姫森ルーナ,UCa9Y57gfeY0Zro_noHRVrnw
常闇トワ,UC1uv2Oq6kNxgATlCiez59hw
雪花ラミィ,UCFKOVgVbGmX65RxO3EtH3iw
桃鈴ねね,UCAWSyEs_Io8MtpY3m-zqILA
獅白ぼたん,UCUKD-uaobj9jiqB-VXt71mA
魔乃アロエ,UCgZuwn-O7Szh9cAgHqJ6vjw
尾丸ポルカ,UCK9V2B22uJYu3N7eR_BT9QA
Mori Calliope,UCL_qhgtOy0dy1Agp8vkySQg
Watson Amelia,UCyl1z3jo3XHR1riLFKG5UAg
Ninomae Inanis,UCMwGHR0BTZuLsmjY_NT5Pwg
Takanashi Kiara,UCHsx4Hqa-1ORjQTh9TYDhww
Gawr Gura,UCoSrY_IQQVpmIRZ9Xf-y93g
Ayunda Risu,UCOyYb1c43VlX9rc_lT6NKQw
Airani Iofifteen,UCAoy6rzhSf4ydcYjJw3WoVg
Pavolia Reine,UChgTyjG-pdNvxxhdsXfHQ5Q
Kureiji Ollie,UCYz_5n-uDuChHtLo7My1HnQ
Anya Melfissa,UC727SQYUvx5pDDGQpTICNWg
Moona Hoshinova,UCP0BspO_AMEe3aQqqpo89Dg
hololive,UCJFZiqLMntJufDCHc6bQixg
hololive Indonesia,UCfrWoRGlawPQDQxxeIDRP0Q